French,English
partie,part
histoire,history
chercher,search
seulement,only
police,police
pensais,thought
demande,request
genre,kind
mois,month
frère,brother
laisser,let
car,because
laisse,leash
eux,them
ville,city
chaque,each
parlé,speak
arrivé,come
devrait,should
bébé,baby
heures,hours
vont,will
pendant,while
place,square
parle,speak
compris,understood
savais,knew
étaient,were
attention,Warning
voici,here is
pourrais,could
affaire,case
donner,give
type,type
leurs,their
donné,given
train,train
corps,body
endroit,place
yeux,eyes
façon,way
écoute,listen
dont,whose
trouve,find
premier,first
main,hand
côté,side
pouvoir,power
vieux,old
sois,be
tiens,here
matin,morning
tellement,so much
enfant,child
point,point
venu,came
suite,after
pardon,sorry
devant,in front of
vers,towards
minutes,minutes
demandé,request
chambre,bedroom
mis,placed
belle,beautiful
droit,law
aujourd'hui,today
mari,husband
cause,cause
enfin,finally
espère,hope
eau,water
attendez,Wait
parti,left
nouvelle,new
boulot,job
compte,account
donne,given
loin,far
fin,end
chérie,sweetheart
gros,large
plutôt,rather
aura,will have
jouer,to play
bureau,office
